{"count":1,"self":15024.511385599999,"total":15828.1884202,"children":{"AgentSendState":{"count":640483,"self":26.9914688,"total":45.7707394,"children":{"CollectObservations":{"count":64078,"self":12.4719704,"total":12.4719704,"children":null},"CollectDiscreteActionMasks":{"count":64049,"self":0.87198429999999993,"total":0.87198429999999993,"children":null},"AgentInfo.ToProto":{"count":64049,"self":2.7705743999999997,"total":5.4353172999999995,"children":{"GenerateSensorData":{"count":64049,"self":2.664743,"total":2.664743,"children":null}}}}},"DecideAction":{"count":640454,"self":748.1231872,"total":748.1231796,"children":null},"AgentAct":{"count":640454,"self":9.7092847999999989,"total":9.7092847999999989,"children":null},"AgentInfo.ToProto":{"count":792,"self":0.034980899999999995,"total":0.068961899999999993,"children":{"GenerateSensorData":{"count":792,"self":0.033981,"total":0.033981,"children":null}}}},"gauges":{"PlayerBrain.CumulativeReward":{"count":792,"max":4.179996,"min":-1.76,"runningAverage":0.369153738,"value":-1.60000038,"weightedAverage":-0.208036512}},"metadata":{"timer_format_version":"0.1.0","start_time_seconds":"1603524024","unity_version":"2019.3.4f1","command_line_arguments":"C:\\Program Files\\Unity\\Hub\\Editor\\2019.3.4f1\\Editor\\Unity.exe -projectpath C:\/Users\/Kuba\/Documents\/Gravity -useHub -hubIPC -cloudEnvironment production -hubSessionId def426f0-15c7-11eb-8866-63868d8d3006 -accessToken McXqM2r2AOwCXYe724B1miH0FWziAkgiiZ16OazGhTk007f","communication_protocol_version":"1.0.0","com.unity.ml-agents_version":"1.0.5","scene_name":"Game","end_time_seconds":"1603539852"}}